{
    "outline_scores": [
        0.6886872351169586,
        0.6417438685894012,
        0.5759317874908447,
        0.5595128834247589,
        0.5476163923740387
    ],
    "content_scores": [
        0.7498855590820312,
        0.727055549621582,
        0.709280788898468,
        0.6582526862621307,
        0.6381167769432068
    ],
    "reference_scores": [
        0.7857900857925415,
        0.7778659611940384,
        0.7723234295845032,
        0.7678206712007523,
        0.7666154056787491,
        0.7658489793539047,
        0.7637359201908112,
        0.752855509519577,
        0.749582827091217,
        0.7467679381370544,
        0.7460168600082397,
        0.7454276978969574,
        0.7451471090316772,
        0.7429530024528503,
        0.739334911108017,
        0.7360994815826416,
        0.7357931435108185,
        0.7333168983459473,
        0.7322103977203369,
        0.7321797311306
    ],
    "mean_outline_score": 0.6026984333992005,
    "mean_content_score": 0.6965182721614838,
    "mean_reference_score": 0.7518842980265618
}