{
    "outline_scores": [
        0.8105707615613937,
        0.7220282256603241,
        0.7204018235206604,
        0.6763870418071747,
        0.6020303964614868
    ],
    "content_scores": [
        0.7531708478927612,
        0.7225541472434998,
        0.7197427749633789,
        0.71756911277771,
        0.7062088251113892
    ],
    "reference_scores": [
        0.7600826025009155,
        0.7418490648269653,
        0.7312886714935303,
        0.7146333158016205,
        0.7061465382575989,
        0.7024588286876678,
        0.7023037075996399,
        0.7012718021869659,
        0.6861579120159149,
        0.6807838678359985,
        0.6655794680118561,
        0.6421603560447693,
        0.6309282183647156,
        0.6226197481155396,
        0.6084749102592468,
        0.606023520231247,
        0.6032747626304626,
        0.5928282737731934,
        0.5823377370834351,
        0.5710344612598419
    ],
    "mean_outline_score": 0.7062836498022079,
    "mean_content_score": 0.7238491415977478,
    "mean_reference_score": 0.6626118883490563
}