{
    "outline_scores": [
        0.7163001000881195,
        0.7129049599170685,
        0.6974670886993408,
        0.6743649542331696,
        0.6218839585781097
    ],
    "content_scores": [
        0.6734297871589661,
        0.6719042062759399,
        0.6666954755783081,
        0.6473338305950165,
        0.583932101726532
    ],
    "reference_scores": [
        0.5782527923583984,
        0.556075394153595,
        0.5482946932315826,
        0.547217607498169,
        0.5457257926464081,
        0.5109114348888397,
        0.4922199845314026,
        0.49047791957855225,
        0.48499393463134766,
        0.47187888622283936,
        0.45962297916412354,
        0.4541785717010498,
        0.4515036940574646,
        0.44634830951690674,
        0.44549864530563354,
        0.4413965344429016,
        0.43989551067352295,
        0.4396250247955322,
        0.4396011233329773,
        0.43741798400878906
    ],
    "mean_outline_score": 0.6845842123031616,
    "mean_content_score": 0.6486590802669525,
    "mean_reference_score": 0.4840568408370018
}