{
    "outline_scores": [
        0.6836584806442261,
        0.6674003303050995,
        0.6598613858222961,
        0.627911388874054
    ],
    "content_scores": [
        0.6903105080127716,
        0.6628159284591675,
        0.6584141552448273,
        0.6361014246940613,
        0.6225323677062988
    ],
    "reference_scores": [
        0.7836839258670807,
        0.7808597534894943,
        0.7688643932342529,
        0.7653508186340332,
        0.7600404620170593,
        0.7599999606609344,
        0.7586521804332733,
        0.7567343413829803,
        0.7552043497562408,
        0.7478859424591064,
        0.7473530769348145,
        0.74016934633255,
        0.7377036809921265,
        0.7369671165943146,
        0.7367263734340668,
        0.7360943257808685,
        0.734740823507309,
        0.7300519645214081,
        0.728988766670227,
        0.7259762287139893
    ],
    "mean_outline_score": 0.6597078964114189,
    "mean_content_score": 0.6540348768234253,
    "mean_reference_score": 0.7496023915708065
}